action	file	register_b_row	status_on_main
achieveMilestoneAction	app/(app)/dashboard/independence/actions.ts	ACTION-DFACF8805CFF	🔄 IN PROGRESS
addByUrlAction	app/(app)/dashboard/social-feed/actions.ts	ACTION-4391301E1AC2	⬜ NOT STARTED
addCalendarFeed	app/(app)/dashboard/sync/feeds/actions.ts	ACTION-AFAB381F1832	⬜ NOT STARTED
addFeedItemAction	app/(app)/dashboard/social-feed/actions.ts	ACTION-70192299722B	⬜ NOT STARTED
addMomentGroceryAction	app/(app)/dashboard/moment-actions.ts	ACTION-9FAA2BF77E5F	🔄 IN PROGRESS
addRestaurantAction	app/(app)/dashboard/dining/actions.ts	ACTION-557354D4F82F	⬜ NOT STARTED
addSourceAction	app/(app)/dashboard/social-feed/actions.ts	ACTION-E1802CD42535	⬜ NOT STARTED
cancelCallAction	app/(app)/dashboard/concierge-calls/actions.ts	ACTION-FF2EAC8C7918	⬜ NOT STARTED
castBallot	app/(app)/dashboard/recipes/vote/actions.ts	ACTION-CBBE36D1F20D	⬜ NOT STARTED
closeMealVote	app/(app)/dashboard/recipes/vote/actions.ts	ACTION-86A2E89027E6	⬜ NOT STARTED
createMealVote	app/(app)/dashboard/recipes/vote/actions.ts	ACTION-4AF60B043671	⬜ NOT STARTED
createMomentReminderAction	app/(app)/dashboard/moment-actions.ts	ACTION-ED73CED91B24	⬜ NOT STARTED
deletePlace	app/(app)/dashboard/locator/actions.ts	ACTION-9A1F079806FF	🔄 IN PROGRESS
deleteSimulationAction	app/(app)/dashboard/family-digital-twin/actions.ts	ACTION-9C8E227CD5FB	⬜ NOT STARTED
dismissSuggestionAction	app/(app)/dashboard/playbook/playbook-actions.ts	ACTION-02925240D5D8	⬜ NOT STARTED
generatePrepPlansAction	app/(app)/dashboard/prep-plans/prep-actions.ts	ACTION-FB1C60C3CE5A	⬜ NOT STARTED
installAppAction	app/(app)/dashboard/app-store/actions.ts	ACTION-7B3C7D2E6998	⬜ NOT STARTED
loadCaptureShortcuts	app/(app)/capture/shortcuts-actions.ts	ACTION-B6D27445070B	⬜ NOT STARTED
logCallOutcomeAction	app/(app)/dashboard/concierge-calls/actions.ts	ACTION-86C5E5D6C26E	⬜ NOT STARTED
logVisitAction	app/(app)/dashboard/dining/actions.ts	ACTION-885920C91B68	⬜ NOT STARTED
markAllReadAction	app/(app)/dashboard/social-feed/actions.ts	ACTION-1BF1CFD2A289	⬜ NOT STARTED
markReadAction	app/(app)/dashboard/social-feed/actions.ts	ACTION-B326FDF1A333	⬜ NOT STARTED
moveAssignmentAction	app/(app)/dashboard/workload/actions.ts	ACTION-9D92F62AA5BE	⬜ NOT STARTED
projectTwinAction	app/(app)/dashboard/graph/twin-actions.ts	ACTION-C745FFD9BC03	⬜ NOT STARTED
recordAiFeedbackAction	app/(app)/dashboard/ai-feedback-actions.ts	ACTION-2818A604DE3C	⬜ NOT STARTED
refreshPlaybookAction	app/(app)/dashboard/playbook/playbook-actions.ts	ACTION-FB26742D7D6C	⬜ NOT STARTED
removeCalendarFeed	app/(app)/dashboard/sync/feeds/actions.ts	ACTION-67F689691FB0	⬜ NOT STARTED
removeMomentGroceryAction	app/(app)/dashboard/moment-actions.ts	ACTION-59FEC0DE848A	⬜ NOT STARTED
removeSourceAction	app/(app)/dashboard/social-feed/actions.ts	ACTION-955CFD2274EE	⬜ NOT STARTED
reopenMealVote	app/(app)/dashboard/recipes/vote/actions.ts	ACTION-3E2448BE3727	⬜ NOT STARTED
requestCallAction	app/(app)/dashboard/concierge-calls/actions.ts	ACTION-51C43DE8EA7C	⬜ NOT STARTED
requeueCallAction	app/(app)/dashboard/concierge-calls/actions.ts	ACTION-D9CBE5F0EA78	⬜ NOT STARTED
resetAllLayoutsAction	app/(app)/dashboard/customize-actions.ts	ACTION-B08ADB71B9AF	⬜ NOT STARTED
resetDashboardLayoutAction	app/(app)/dashboard/customize-actions.ts	ACTION-664724EB6103	⬜ NOT STARTED
saveCaptureShortcutsAction	app/(app)/capture/shortcuts-actions.ts	ACTION-8545A131965A	⬜ NOT STARTED
saveDashboardLayoutAction	app/(app)/dashboard/customize-actions.ts	ACTION-6DDA408B62AE	⬜ NOT STARTED
saveDashboardSettingsAction	app/(app)/dashboard/customize-actions.ts	ACTION-2677F9A42D51	⬜ NOT STARTED
saveDiscoveredRecipe	app/(app)/dashboard/recipes/discover/actions.ts	ACTION-A027C4B03998	⬜ NOT STARTED
saveFamilyDefaultLayoutAction	app/(app)/dashboard/customize-actions.ts	ACTION-189AB85FF7FB	⬜ NOT STARTED
savePlace	app/(app)/dashboard/locator/actions.ts	ACTION-DCF9C14AD2D4	🔄 IN PROGRESS
saveSimulationAction	app/(app)/dashboard/family-digital-twin/actions.ts	ACTION-13D081167F71	⬜ NOT STARTED
saveWorkloadSnapshotAction	app/(app)/dashboard/workload/actions.ts	ACTION-D91AB2BF25EC	⬜ NOT STARTED
scheduleRecommendedTasksAction	app/(app)/dashboard/home/actions.ts	ACTION-DD076FC781C8	⬜ NOT STARTED
setConciergeAutopilotAction	app/(app)/dashboard/concierge/actions.ts	ACTION-A6BF2165755D	🔄 IN PROGRESS
setGeofenceEnabled	app/(app)/dashboard/locator/actions.ts	ACTION-16D000B65EB5	🔄 IN PROGRESS
setInsightStatus	app/(app)/dashboard/insight-actions.ts	(no ACTION row)	
setLifeEventStatusAction	app/(app)/dashboard/life-event-actions.ts	ACTION-F4D4116828A1	⬜ NOT STARTED
setLocationSharing	app/(app)/dashboard/locator/actions.ts	ACTION-7EC0FD404B79	⬜ NOT STARTED
setMomentPrepDoneAction	app/(app)/dashboard/moment-actions.ts	ACTION-1AEED72D9878	⬜ NOT STARTED
setMomentStatus	app/(app)/dashboard/moments/actions.ts	(no ACTION row)	
skipMilestoneAction	app/(app)/dashboard/independence/actions.ts	ACTION-8FA22E77AF99	🔄 IN PROGRESS
startMilestoneAction	app/(app)/dashboard/independence/actions.ts	ACTION-BA6D9C001E47	🔄 IN PROGRESS
toggleAppAction	app/(app)/dashboard/app-store/actions.ts	ACTION-497B5F6177F1	⬜ NOT STARTED
toggleFavoriteAction	app/(app)/dashboard/dining/actions.ts	ACTION-E7BFD9F7072B	⬜ NOT STARTED
toggleFavoriteAction	app/(app)/dashboard/social-feed/actions.ts	ACTION-C276C13E409F	⬜ NOT STARTED
uninstallAppAction	app/(app)/dashboard/app-store/actions.ts	ACTION-76DF090DECE9	⬜ NOT STARTED
updateMyLocation	app/(app)/dashboard/locator/actions.ts	ACTION-D51DF328F97F	⬜ NOT STARTED
